count,mean,median,std,min,p10,p25,p75,p90,p95,p99,max
223550,526746.2098171328,495000.0,186665.90784402835,140000.0,316888.0,388000.0,630000.0,780000.0,880000.0,1068888.0,1700000.0
