variant,numeric_feature_count,train_r2_log,test_r2_log,train_rmse_sgd,test_rmse_sgd,train_mae_sgd,test_mae_sgd,selected_numeric_features,alpha,l1_ratio,train_rows_after_rebalance
ridge_floor_area_weighted,22,0.9083420904475498,0.9153069777287605,55554.25211637883,58335.942950569435,39823.02609298318,43627.061895648,,,,
ridge_floor_area_rebalanced,22,0.9085096286022343,0.9154073349184024,55546.08705148537,58395.836203798615,39641.27739438241,43620.934596880186,,,,223946.0
ridge_reduced,22,0.9083749385214389,0.9150841674925625,55499.27644415783,58437.57026492765,39858.990483042435,43722.931267131906,,,,
elasticnet_reduced,22,0.9082512630393862,0.9152507129461307,55357.58785946157,58490.378295899856,39894.32853847121,43723.10151447685,,0.0001,0.1,
ridge_baseline,26,0.9088769643994963,0.9148038769630742,55427.27011592092,58568.63280507482,39777.63618556398,43845.365893452756,,,,
ridge_f_regression,22,0.9057390974133399,0.9135489410222711,56059.38958837811,59012.80030689744,40449.28218206257,44199.323212578885,"floor_area_sqm, lease_age_years, storey_mid, months_since_start, ln_nearest_mall_walking_distance_m, malls_within_10min_walk, ln_nearest_mrt_walking_distance_m, mrt_unique_lines_within_10min_walk, school_count_1km, ln_nearest_hawker_centre_walking_distance_m, hawker_centres_within_5min_walk, ln_nearest_park_walking_distance_m",,,
lasso_reduced,22,0.9073855815691168,0.9149125535751061,56079.5343372381,59136.53553131861,40143.24891073892,43950.931164933776,,0.0001,,
ridge_vif_pruned,14,0.8879164314569158,0.8882727682793835,59141.308234598684,67967.40331151882,44197.02605856398,50149.57491821146,,,,
