{
  "rows_scored": 121176,
  "unique_addresses_scored": 5163,
  "mean_premium_sgd": -3425.5093624074493,
  "median_premium_sgd": -3554.045427576464,
  "mean_premium_pct": -0.0066352684771161735,
  "share_with_positive_premium": 0.11855482933914306
}