{
  "train_r2_log": 0.9085096286022343,
  "test_r2_log": 0.9154073349184024,
  "train_rmse_sgd": 55546.08705148537,
  "test_rmse_sgd": 58395.836203798615,
  "train_mae_sgd": 39641.27739438241,
  "test_mae_sgd": 43620.934596880186,
  "rows_total": 223550,
  "rows_train": 200744,
  "rows_train_predictive": 223946,
  "rows_test": 22806,
  "rows_ols": 100000,
  "feature_spec": "reduced",
  "rebalance_floor_area": true,
  "weight_floor_area": false,
  "rebalance_bins": 8,
  "rebalance_target_fraction": 0.75,
  "good_school_within_1km_premium_pct_from_ols": -0.016242839027471367
}